{
  "openai/gpt-oss-120b": {
    "prompt_tokens": 2063567,
    "completion_tokens": 822451,
    "total_tokens": 2886018,
    "total_cost_usd": 0.48953129499997616,
    "api_calls": 12300,
    "errors": 0
  },
  "openai/gpt-oss-20b": {
    "prompt_tokens": 1972364,
    "completion_tokens": 584874,
    "total_tokens": 2557238,
    "total_cost_usd": 0.19997178000000074,
    "api_calls": 11760,
    "errors": 0
  },
  "x-ai/grok-4.1-fast": {
    "prompt_tokens": 2996082,
    "completion_tokens": 3089796,
    "total_tokens": 6085878,
    "total_cost_usd": 1.70840165,
    "api_calls": 13291,
    "errors": 1531
  },
  "openai/gpt-5.4": {
    "prompt_tokens": 1283720,
    "completion_tokens": 59328,
    "total_tokens": 1343048,
    "total_cost_usd": 4.099219999999761,
    "api_calls": 11761,
    "errors": 1
  }
}